state_name,dist_name,area_type,Total,illiterate_males,literate_males,graduate_males,illiterate_females,literate_females,graduate_females,percent_graduate_males,percent_graduate_females,,,,
andhra pradesh,Adilabad ,Rural,847801,208837,262235,14684,268525,108204,2778,6,3,,,,
andhra pradesh,Nizamabad ,Rural,870992,187603,271895,18378,281097,130397,4176,7,4,,,,
andhra pradesh,Karimnagar ,Rural,1270037,269398,437198,33671,369460,193981,6698,8,4,,,,
andhra pradesh,Medak ,Rural,966666,236763,315995,21023,305320,108588,3255,7,3,,,,
andhra pradesh,Rangareddy ,Rural,649773,149759,240081,17748,181976,77957,3471,8,5,,,,
andhra pradesh,Mahbubnagar ,Rural,1613518,445378,440184,28707,572096,155860,5880,7,4,,,,
andhra pradesh,Nalgonda ,Rural,1277782,271813,456626,37813,370661,178682,6015,9,4,,,,
andhra pradesh,Warangal ,Rural,1129663,257793,371417,28984,346514,153939,5162,8,4,,,,
andhra pradesh,Khammam ,Rural,1009056,232689,331669,23679,288782,155916,4692,8,4,,,,
andhra pradesh,Srikakulam ,Rural,796232,204039,309703,26220,192028,90462,3461,9,4,,,,
andhra pradesh,Vizianagaram ,Rural,795962,217415,260759,20987,230614,87174,2996,9,4,,,,
andhra pradesh,Visakhapatnam ,Rural,861802,251343,291532,20887,234067,84860,3669,8,5,,,,
andhra pradesh,East Godavari ,Rural,1341779,370854,670577,48094,168004,132344,6146,8,5,,,,
andhra pradesh,West Godavari ,Rural,1275115,266556,626077,41733,179258,203224,6618,7,4,,,,
andhra pradesh,Krishna ,Rural,1141924,231019,492354,32525,212540,206011,6962,7,4,,,,
andhra pradesh,Guntur ,Rural,1527629,335705,562173,42618,390901,238850,7639,8,4,,,,
andhra pradesh,Prakasam ,Rural,1242476,280912,458903,33856,336456,166205,5278,8,4,,,,
andhra pradesh,Sri Potti Sriramulu Nellore ,Rural,816571,190039,358722,24603,159711,108099,4184,7,4,,,,
andhra pradesh,Y.S.R. ,Rural,767509,153180,337628,29309,177864,98837,4472,9,5,,,,
andhra pradesh,Kurnool ,Rural,1372624,336138,437938,29799,438860,159688,4699,7,3,,,,
andhra pradesh,Anantapur ,Rural,1290362,280449,490877,31299,332864,186172,5618,7,4,,,,
andhra pradesh,Chittoor ,Rural,1274176,216148,565105,38550,266077,226846,8347,7,4,,,,
arunachal pradesh ,Tawang,Rural,16923,6180,4784,315,4674,1285,148,7,12,,,,
arunachal pradesh ,West Kameng,Rural,29070,6187,14546,1174,5138,3199,226,9,8,,,,
arunachal pradesh ,East Kameng ,Rural,22162,6084,4838,451,8952,2288,86,10,4,,,,
arunachal pradesh ,Papum Pare ,Rural,23239,3653,11137,1662,4360,4089,434,15,11,,,,
arunachal pradesh ,Upper Subansiri ,Rural,22178,5602,6286,674,7006,3284,128,11,4,,,,
arunachal pradesh ,West Siang ,Rural,34879,7827,11788,1166,9379,5885,292,10,5,,,,
arunachal pradesh ,East Siang ,Rural,25923,4407,10169,1173,5458,5889,428,12,8,,,,
arunachal pradesh ,Upper Siang ,Rural,12380,2990,4093,386,3662,1635,68,10,5,,,,
arunachal pradesh ,Changlang ,Rural,43419,12167,16389,836,10034,4829,215,6,5,,,,
arunachal pradesh ,Tirap,Rural,37557,10413,8791,384,14783,3570,142,5,4,,,,
arunachal pradesh ,Lower Subansiri ,Rural,18619,3071,7963,1172,4025,3560,337,15,10,,,,
arunachal pradesh ,Kurung Kumey ,Rural,23864,6955,4871,494,9231,2807,162,11,6,,,,
arunachal pradesh ,Dibang Valley ,Rural,1819,567,584,90,424,244,27,16,12,,,,
arunachal pradesh ,Lower Dibang Valley ,Rural,16123,3892,6143,552,3840,2248,171,9,8,,,,
arunachal pradesh ,Lohit,Rural,41127,9291,17559,889,8650,5627,286,6,6,,,,
arunachal pradesh ,Anjaw,Rural,8798,2282,3025,243,2754,737,54,9,8,,,,
assam,Kokrajhar ,Rural,235229,72012,111749,4979,29067,22401,679,5,4,,,,
assam,Dhubri ,Rural,444302,191494,202256,11818,31635,18917,1146,6,7,,,,
assam,Goalpara,Rural,227237,71212,118282,5397,14691,23052,929,5,5,,,,
assam,Barpeta ,Rural,393971,146052,203519,15335,22454,21946,2408,8,11,,,,
assam,Morigaon ,Rural,239665,75345,127306,5297,16101,20913,980,5,5,,,,
assam,Nagaon,Rural,620991,175174,363636,16103,35575,46606,3464,5,8,,,,
assam,Sonitpur,Rural,502522,134138,259625,13271,67147,41612,2598,6,7,,,,
assam,Lakhimpur,Rural,254560,45419,154391,12010,23577,31173,2832,8,10,,,,
assam,Dhemaji,Rural,187248,36578,97034,7905,25336,28300,1995,9,8,,,,
assam,Tinsukia,Rural,327769,69865,155496,6366,67629,34779,1800,5,6,,,,
assam,Dibrugarh,Rural,313460,50459,169611,10624,54177,39213,2650,7,7,,,,
assam,Sivasagar,Rural,281802,37198,169308,11878,37011,38285,3754,8,10,,,,
assam,Jorhat,Rural,269159,31682,161367,11722,32914,43196,3210,8,8,,,,
assam,Golaghat ,Rural,301151,47459,173818,8995,39779,40095,2309,6,6,,,,
assam,Karbi Anglong,Rural,229464,59922,115791,3396,30409,23342,711,3,4,,,,
assam,Dima Hasao ,Rural,48239,9855,23891,599,7379,7114,110,3,2,,,,
assam,Cachar ,Rural,377299,63887,252059,8959,30898,30455,1482,4,5,,,,
assam,Karimganj,Rural,261779,46886,182104,5563,15392,17397,828,4,5,,,,
assam,Hailakandi,Rural,151843,32673,97514,3383,11943,9713,416,4,5,,,,
assam,Bongaigaon,Rural,158215,51893,86542,4022,9456,10324,682,5,7,,,,
assam,Chirang,Rural,129725,39499,58331,2073,19322,12573,432,4,4,,,,
assam,Kamrup,Rural,378818,80544,232340,18052,26100,39834,3302,8,9,,,,
assam,Kamrup Metropolitan,Rural,64781,10515,41609,3112,5076,7581,612,8,9,,,,
assam,Nalbari,Rural,175010,32845,120734,11601,7052,14379,1981,10,14,,,,
assam,Baksa,Rural,274439,64083,148462,5894,30495,31399,1097,4,4,,,,
assam,Darrang,Rural,224678,82081,113324,7276,14796,14477,1175,7,9,,,,
assam,Udalguri,Rural,240722,65597,118545,4218,34823,21757,669,4,4,,,,
andaman & nicobar islands ,Nicobars ,Rural,9651,940,7008,599,335,1368,96,9,8,,,,
andaman & nicobar islands ,North  & Middle Andaman ,Rural,30110,3234,22086,1315,996,3794,506,6,14,,,,
andaman & nicobar islands ,South Andaman ,Rural,31907,2949,23663,1561,946,4349,382,7,9,,,,
bihar ,Pashchim Champaran ,Rural,713435,242184,311349,17941,119382,40520,1489,6,4,,,,
bihar ,Purba Champaran,Rural,1042494,378438,465129,29560,146935,51992,2523,7,5,,,,
bihar ,Sheohar ,Rural,131421,52623,58034,4097,14141,6623,373,8,6,,,,
bihar ,Sitamarhi,Rural,707323,290535,314084,23638,73860,28844,2197,8,8,,,,
bihar ,Madhubani,Rural,1036255,303329,484558,53685,179416,68952,4572,12,7,,,,
bihar ,Supaul,Rural,450346,131813,204484,14921,82335,31714,1227,8,4,,,,
bihar ,Araria,Rural,653981,241600,259508,14232,114565,38308,1116,6,3,,,,
bihar ,Kishanganj,Rural,342315,143482,155168,5417,31457,12208,324,4,3,,,,
bihar ,Purnia,Rural,698007,283063,250334,15130,124844,39766,1283,7,4,,,,
bihar ,Katihar,Rural,604540,266786,233415,13465,76440,27899,1247,6,5,,,,
bihar ,Madhepura,Rural,422178,152124,165069,15344,78867,26118,1425,10,6,,,,
bihar ,Saharsa,Rural,331267,123005,145340,15040,46935,15987,1300,11,9,,,,
bihar ,Darbhanga,Rural,648140,224203,321427,33588,72877,29633,2543,11,9,,,,
bihar ,Muzaffarpur,Rural,799583,238781,425030,36655,82636,53136,4625,9,9,,,,
bihar ,Gopalganj,Rural,331700,82440,190955,15159,34922,23383,2035,8,9,,,,
bihar ,Siwan,Rural,424249,90049,278166,23773,30695,25339,2718,9,11,,,,
bihar ,Saran,Rural,478775,113873,302302,31004,36764,25836,2772,11,11,,,,
bihar ,Vaishali,Rural,664562,178319,398192,34180,50368,37683,3464,9,10,,,,
bihar ,Samastipur,Rural,871838,271010,470010,43012,86349,44469,4253,10,10,,,,
bihar ,Begusarai ,Rural,471889,140697,247313,22192,51555,32324,2569,9,8,,,,
bihar ,Khagaria,Rural,287022,100520,134539,10439,32608,19355,1056,8,6,,,,
bihar ,Bhagalpur ,Rural,396991,126895,205570,23888,38299,26227,2197,12,9,,,,
bihar ,Banka,Rural,358505,109089,172098,12631,51241,26077,1126,8,5,,,,
bihar ,Munger,Rural,158430,40005,92132,9776,15313,10980,740,11,7,,,,
bihar ,Lakhisarai,Rural,171380,50363,86291,6493,23166,11560,706,8,7,,,,
bihar ,Sheikhpura,Rural,125966,31335,59228,4366,23919,11484,378,8,4,,,,
bihar ,Nalanda,Rural,631235,147024,308619,33124,117234,58358,3528,11,7,,,,
bihar ,Patna,Rural,767098,191728,409356,47927,109766,56248,3392,12,7,,,,
bihar ,Bhojpur,Rural,433605,78521,285996,29527,38678,30410,1923,11,7,,,,
bihar ,Buxar,Rural,292115,58851,187853,21146,27105,18306,1501,12,9,,,,
bihar ,Kaimur (Bhabua),Rural,272375,57055,166900,19030,28085,20335,1666,12,9,,,,
bihar ,Rohtas,Rural,453866,78571,307823,40596,33376,34096,3415,14,11,,,,
bihar ,Aurangabad,Rural,432194,83878,257424,25850,52345,38547,2030,11,6,,,,
bihar ,Gaya,Rural,876343,215594,410565,32235,167909,82275,2999,8,4,,,,
bihar ,Nawada,Rural,460770,124880,210653,16542,87916,37321,1395,8,4,,,,
bihar ,Jamui,Rural,410815,107727,173646,8743,95067,34375,710,6,3,,,,
bihar ,Jehanabad,Rural,224865,50550,126758,14218,31302,16255,1119,12,7,,,,
bihar ,Arwal,Rural,150712,30779,86491,8653,21206,12236,609,11,5,,,,
chandigarh,Chandigarh,Rural,11683,1684,8672,925,595,732,169,11,24,,,,
chhattisgarh,Koriya,Rural,120874,24799,59452,3392,21592,15031,738,6,5,,,,
chhattisgarh,Surguja,Rural,555416,169017,235457,15102,100317,50625,3670,7,8,,,,
chhattisgarh,Jashpur,Rural,270280,54134,127908,8629,47746,40492,2365,7,6,,,,
chhattisgarh,Raigarh,Rural,408438,62836,227875,16247,64245,53482,2180,8,5,,,,
chhattisgarh,Korba,Rural,220266,41624,109046,7227,44165,25431,1070,7,5,,,,
chhattisgarh,Janjgir - Champa,Rural,393415,52285,213668,17404,72946,54516,2432,9,5,,,,
chhattisgarh,Bilaspur,Rural,611181,105101,284318,20576,143183,78579,2791,8,4,,,,
chhattisgarh,Kabeerdham,Rural,288729,58337,103894,4940,89632,36866,758,5,3,,,,
chhattisgarh,Rajnandgaon,Rural,502733,54646,236023,11214,95562,116502,1893,5,2,,,,
chhattisgarh,Durg,Rural,796819,82739,392446,19936,148960,172674,3142,6,2,,,,
chhattisgarh,Raipur,Rural,771585,104997,391486,25415,150664,124438,3925,7,4,,,,
chhattisgarh,Mahasamund,Rural,301664,45221,155120,9969,57273,44050,1288,7,3,,,,
chhattisgarh,Dhamtari,Rural,283054,25261,139703,7956,48672,69418,1256,6,2,,,,
chhattisgarh,Uttar Bastar Kanker,Rural,260693,43480,118280,6229,53318,45615,1145,6,3,,,,
chhattisgarh,Bastar,Rural,331587,118101,121348,6218,68077,24061,1584,6,7,,,,
chhattisgarh,Narayanpur,Rural,35296,13866,8801,598,10393,2236,115,7,6,,,,
chhattisgarh,Dakshin Bastar Dantewada,Rural,153461,64194,31192,2062,50643,7432,522,7,8,,,,
chhattisgarh,Bijapur,Rural,60603,22376,15725,1390,18659,3843,255,9,7,,,,
dadra & nagar haveli,Dadra & Nagar HavelI,Rural,62188,14467,33702,1316,9225,4794,100,4,3,,,,
daman & diu,Diu,Rural,7943,1243,5530,324,659,511,29,6,6,,,,
daman & diu,Daman,Rural,13492,884,10474,453,512,1622,61,5,4,,,,
nct of delhi,North West,Rural,61943,8645,44656,4928,4153,4489,815,12,19,,,,
nct of delhi,North,Rural,5052,339,4123,641,201,389,70,16,18,,,,
nct of delhi,North East,Rural,5773,885,4493,510,160,235,32,12,14,,,,
nct of delhi,East,Rural,1316,42,1001,528,10,263,171,53,66,,,,
nct of delhi,West,Rural,1680,155,1347,123,56,122,31,10,26,,,,
nct of delhi,South West,Rural,39210,2647,32172,4627,1297,3094,763,15,25,,,,
nct of delhi,South,Rural,3906,616,2734,432,241,315,93,16,30,,,,
odisha ,Bargarh,Rural,427073,63780,269461,14049,43647,50185,1284,6,3,,,,
odisha ,Jharsuguda,Rural,103260,13544,64650,3338,10273,14793,534,6,4,,,,
odisha ,Sambalpur,Rural,238726,33625,129867,7602,33028,42206,1205,6,3,,,,
odisha ,Debagarh,Rural,77208,11208,43515,2569,9950,12535,438,6,4,,,,
odisha ,Sundargarh,Rural,316310,69576,175691,7985,34920,36123,1975,5,6,,,,
odisha ,Kendujhar,Rural,368807,73389,226061,16344,39435,29922,1780,8,6,,,,
odisha ,Mayurbhanj,Rural,493208,115331,247239,17184,80286,50352,2857,7,6,,,,
odisha ,Baleshwar,Rural,544779,71758,404978,33327,30321,37722,3976,9,11,,,,
odisha ,Bhadrak,Rural,282199,27405,234756,18787,5497,14541,1984,9,14,,,,
odisha ,Kendrapara,Rural,298904,24959,249626,20371,5329,18990,2684,9,15,,,,
odisha ,Jagatsinghapur,Rural,255514,16880,208346,19098,8119,22169,2701,10,13,,,,
odisha ,Cuttack,Rural,477807,44740,383588,34653,15689,33790,4465,10,14,,,,
odisha ,Jajapur,Rural,372709,51148,292908,25833,9505,19148,2936,9,16,,,,
odisha ,Dhenkanal,Rural,246372,34126,183760,11552,12091,16395,1561,7,10,,,,
odisha ,Anugul,Rural,257646,33457,172581,10912,22209,29399,1605,7,6,,,,
odisha ,Nayagarh,Rural,208317,24963,164123,9149,6823,12408,955,6,8,,,,
odisha ,Khordha,Rural,292441,28576,233610,20987,10388,19867,2616,9,14,,,,
odisha ,Puri,Rural,366726,30198,298268,22015,10900,27360,3133,8,12,,,,
odisha ,Ganjam,Rural,676928,133932,399069,14775,86861,57066,2085,4,4,,,,
odisha ,Gajapati,Rural,149353,46104,49121,1750,41274,12854,361,4,3,,,,
odisha ,Kandhamal,Rural,146129,31910,74677,2851,24471,15071,551,4,4,,,,
odisha ,Baudh,Rural,117108,17780,69358,2141,15821,14149,242,4,2,,,,
odisha ,Subarnapur,Rural,155322,22879,100575,4821,15215,16653,490,5,3,,,,
odisha ,Balangir,Rural,346269,85926,199694,8471,37161,23488,952,5,5,,,,
odisha ,Nuapada,Rural,141648,39628,69152,2875,22184,10684,402,5,4,,,,
odisha ,Kalahandi,Rural,340850,92645,177438,7200,49609,21158,705,5,4,,,,
odisha ,Rayagada,Rural,184065,66001,63656,2575,42215,12193,408,5,4,,,,
odisha ,Nabarangapur,Rural,254500,109167,98809,1833,35766,10758,317,2,3,,,,
odisha ,Koraput,Rural,322792,120875,106945,3173,77359,17613,544,3,4,,,,
odisha ,Malkangiri,Rural,163217,62206,57014,1330,34955,9042,224,3,3,,,,
puducherry,Puducherry,Rural,93232,9743,58072,5221,10297,15120,1290,9,9,,,,
puducherry,Karaikal,Rural,28496,1651,20926,1940,1684,4235,690,10,17,,,,
punjab,Gurdaspur,Rural,424157,80127,292928,11923,16150,34952,4071,5,12,,,,
punjab,Kapurthala,Rural,155843,30972,103933,4578,7528,13410,1527,5,12,,,,
punjab,Jalandhar,Rural,302752,49917,211766,10292,13392,27677,3023,5,11,,,,
punjab,Hoshiarpur,Rural,311042,33318,235801,12804,10984,30939,4358,6,15,,,,
punjab,Shahid Bhagat Singh Nagar,Rural,136057,18218,100112,4373,5544,12183,1319,5,11,,,,
punjab,Fatehgarh Sahib,Rural,131090,22285,90850,4296,5228,12727,1162,5,10,,,,
punjab,Ludhiana,Rural,455642,73258,305633,15115,22593,54158,5777,5,11,,,,
punjab,Moga,Rural,229705,63568,133851,3757,13571,18715,1573,3,9,,,,
punjab,Firozpur,Rural,441627,129782,258233,9770,28716,24896,1799,4,8,,,,
punjab,Muktsar,Rural,208410,69543,115057,5011,13839,9971,914,5,10,,,,
punjab,Faridkot,Rural,121498,38732,69743,2682,6213,6810,790,4,12,,,,
punjab,Bathinda,Rural,291812,93785,157569,5432,20188,20270,1544,4,8,,,,
punjab,Mansa,Rural,197176,72017,92767,3065,18107,14285,1061,4,8,,,,
punjab,Patiala,Rural,325986,85100,205329,9852,16359,19198,2121,5,12,,,,
punjab,Amritsar,Rural,349544,97494,195867,5530,26732,29451,2201,3,8,,,,
punjab,Tarn Taran,Rural,274064,80043,155795,4141,17742,20484,1500,3,8,,,,
punjab,Rupnagar,Rural,142135,15793,102155,4960,6631,17556,1689,5,10,,,,
punjab,Sahibzada Ajit Singh Nagar,Rural,140117,19989,97181,3926,7669,15278,991,5,7,,,,
punjab,Sangrur,Rural,341626,109244,195175,8422,16918,20289,2157,5,11,,,,
punjab,Barnala,Rural,124566,41499,68651,1883,6412,8004,734,3,10,,,,
goa,North Goa ,Rural,95900,3590,68897,6731,2882,20531,3872,10,19,,,,
goa,South Goa,Rural,70088,4699,45923,3823,4179,15287,2461,9,17,,,,
gujarat,Kachchh,Rural,448803,111068,272378,10330,38616,26741,965,4,4,,,,
gujarat,Banas Kantha,Rural,892368,204698,468361,14247,152592,66717,726,4,2,,,,
gujarat,Patan,Rural,362876,66697,214363,5576,46226,35590,461,3,2,,,,
gujarat,Mahesana,Rural,545651,46169,372260,20245,45166,82056,2110,6,3,,,,
gujarat,Sabar Kantha,Rural,689095,89379,420435,26362,86559,92722,3081,7,4,,,,
gujarat,Gandhinagar,Rural,270308,21417,195595,10570,18923,34373,1039,6,4,,,,
gujarat,Ahmadabad,Rural,374878,62217,249616,8201,33736,29309,585,4,2,,,,
gujarat,Surendranagar,Rural,431510,84419,249793,6042,55555,41743,412,3,1,,,,
gujarat,Rajkot,Rural,606199,87376,378962,11048,56306,83555,1794,3,3,,,,
gujarat,Jamnagar,Rural,422021,84251,256566,6681,38386,42818,898,3,3,,,,
gujarat,Porbandar,Rural,106918,20066,64448,1765,10391,12013,222,3,2,,,,
gujarat,Junagadh,Rural,667961,108981,408260,18528,71072,79648,2529,5,4,,,,
gujarat,Amreli,Rural,409882,73572,247812,5921,41476,47022,967,3,3,,,,
gujarat,Bhavnagar,Rural,609410,101297,356433,6053,78414,73266,592,2,1,,,,
gujarat,Anand,Rural,495351,39577,363994,16315,34443,57337,1346,5,3,,,,
gujarat,Kheda,Rural,568969,45830,415796,13921,37530,69813,1069,4,2,,,,
gujarat,Panch Mahals,Rural,591265,116596,361903,11446,63869,48897,1139,4,3,,,,
gujarat,Dohad,Rural,499970,162917,208479,7209,94900,33674,916,4,3,,,,
gujarat,Vadodara,Rural,712317,151183,415907,12666,82850,62377,931,4,2,,,,
gujarat,Narmada,Rural,176539,32261,94712,2849,26545,23021,363,4,2,,,,
gujarat,Bharuch,Rural,363602,50642,230713,8330,40313,41934,1070,4,3,,,,
gujarat,The Dangs,Rural,81533,11337,37470,837,14823,17903,255,3,2,,,,
gujarat,Navsari,Rural,365015,40341,216247,11655,38468,69959,3540,6,6,,,,
gujarat,Valsad,Rural,350835,60368,198701,10817,38759,53007,2727,6,6,,,,
gujarat,Surat,Rural,522076,77190,297985,14896,69462,77439,2779,5,4,,,,
gujarat,Tapi,Rural,312911,63363,131186,5170,63089,55273,1906,4,4,,,,
haryana,Panchkula,Rural,76862,11879,52414,3914,5704,6865,739,8,11,,,,
haryana,Ambala,Rural,163609,26671,122635,8562,5345,8958,1338,7,15,,,,
haryana,Yamunanagar,Rural,197413,40335,141456,9775,6980,8642,886,7,11,,,,
haryana,Kurukshetra,Rural,202945,39803,134623,9833,15093,13426,1112,8,9,,,,
haryana,Kaithal,Rural,227922,57900,136680,9686,19534,13808,1007,8,8,,,,
haryana,Karnal,Rural,278731,57115,182404,13075,21530,17682,1521,8,9,,,,
haryana,Panipat,Rural,166903,29191,112686,8133,13021,12005,972,8,9,,,,
haryana,Sonipat,Rural,271353,32633,189210,14488,20613,28897,2498,8,9,,,,
haryana,Jind,Rural,306551,62010,181737,11561,35157,27647,1584,7,6,,,,
haryana,Fatehabad,Rural,235393,58033,128298,7596,28197,20865,1130,6,6,,,,
haryana,Sirsa,Rural,306186,79166,170914,10661,31990,24116,1356,7,6,,,,
haryana,Hisar,Rural,374305,71312,215883,15661,48803,38307,2181,8,6,,,,
haryana,Bhiwani,Rural,364400,50349,236511,20886,39107,38433,2902,9,8,,,,
haryana,Rohtak,Rural,167107,19780,116991,9793,12055,18281,1502,9,9,,,,
haryana,Jhajjar,Rural,182177,16496,134481,11483,10686,20514,1882,9,10,,,,
haryana,Mahendragarh,Rural,178877,14921,132439,14289,13661,17856,1987,11,12,,,,
haryana,Rewari,Rural,183180,10993,130857,13712,15999,25331,2323,11,10,,,,
haryana,Gurgaon,Rural,125776,10877,95585,8336,6960,12354,970,9,8,,,,
haryana,Mewat,Rural,179590,59957,93601,3223,20262,5770,224,4,4,,,,
haryana,Faridabad,Rural,84943,12038,61697,5495,5674,5534,611,9,12,,,,
haryana,Palwal,Rural,164221,31213,111697,7945,13538,7773,639,8,9,,,,
himachal pradesh ,Chamba,Rural,108158,17163,60782,3528,15198,15015,902,6,7,,,,
himachal pradesh ,Kangra,Rural,289172,17998,208321,21881,13155,49698,7061,11,15,,,,
himachal pradesh ,Lahul & Spiti,Rural,15190,1277,7455,1010,2687,3771,392,14,11,,,,
himachal pradesh ,Kullu,Rural,178164,16836,90031,7488,27958,43339,2399,9,6,,,,
himachal pradesh ,Mandi,Rural,263288,19356,150988,11947,30749,62195,4268,8,7,,,,
himachal pradesh ,Hamirpur,Rural,117565,3397,65176,7732,7761,41231,3973,12,10,,,,
himachal pradesh ,Una,Rural,120797,7666,87072,6823,5436,20623,2662,8,13,,,,
himachal pradesh ,Bilaspur,Rural,94953,4965,61710,6852,5786,22492,2507,12,12,,,,
himachal pradesh ,Solan,Rural,176309,14942,107728,9236,15991,37648,3075,9,9,,,,
himachal pradesh ,Sirmaur,Rural,176279,22504,98048,5489,19057,36670,2017,6,6,,,,
himachal pradesh ,Shimla,Rural,237949,22791,133695,14244,26671,54792,4772,11,9,,,,
himachal pradesh ,Kinnaur,Rural,46863,3913,26052,2315,6071,10827,797,9,8,,,,
jammu and kashmir,Kupwara ,Rural,98749,16640,71886,5867,4309,5914,968,9,17,,,,
jammu and kashmir,Badgam ,Rural,105511,44179,48386,5212,7317,5629,964,11,18,,,,
jammu and kashmir,Leh(Ladakh) ,Rural,36555,4091,23163,1279,4298,5003,449,6,9,,,,
jammu and kashmir,Kargil ,Rural,21668,1848,16777,861,1110,1933,167,6,9,,,,
jammu and kashmir,Punch ,Rural,62082,10530,43052,3949,3479,5021,859,10,18,,,,
jammu and kashmir,Rajouri ,Rural,106417,23286,65145,4521,8009,9977,1334,7,14,,,,
jammu and kashmir,Kathua ,Rural,119093,24989,78165,4669,8254,7685,1373,6,18,,,,
jammu and kashmir,Baramula ,Rural,132561,36451,83168,8178,6183,6759,1128,10,17,,,,
jammu and kashmir,Bandipore ,Rural,59253,20399,30068,2533,5461,3325,419,9,13,,,,
jammu and kashmir,Srinagar ,Rural,2923,1288,1449,184,101,85,26,13,31,,,,
jammu and kashmir,Ganderbal ,Rural,45683,12666,28129,2718,2481,2407,417,10,18,,,,
jammu and kashmir,Pulwama ,Rural,77995,19648,50907,5833,2655,4785,1018,12,22,,,,
jammu and kashmir,Shupiyan ,Rural,48243,18958,24102,2255,2928,2255,315,10,14,,,,
jammu and kashmir,Anantnag ,Rural,118752,38373,68628,6316,5233,6518,1155,10,18,,,,
jammu and kashmir,Kulgam ,Rural,60666,21886,32503,3299,2894,3383,571,11,17,,,,
jammu and kashmir,Doda ,Rural,68637,15307,43760,2911,4523,5047,761,7,16,,,,
jammu and kashmir,Ramban ,Rural,48791,16777,26728,1547,3309,1977,228,6,12,,,,
jammu and kashmir,Kishtwar ,Rural,39788,12288,19577,1137,5246,2677,378,6,15,,,,
jammu and kashmir,Udhampur ,Rural,110123,29935,59959,2743,12528,7701,901,5,12,,,,
jammu and kashmir,Reasi ,Rural,79176,29711,37070,1187,7824,4571,356,4,8,,,,
jammu and kashmir,Jammu ,Rural,171924,24668,126709,6321,6639,13908,1977,5,15,,,,
jammu and kashmir,Samba ,Rural,58055,7285,45673,2663,1435,3662,832,6,23,,,,
jharkhand,Garhwa,Rural,162314,43091,80538,7687,28012,10673,922,10,9,,,,
jharkhand,Chatra,Rural,181064,53225,79623,6619,34117,14099,1024,9,8,,,,
jharkhand,Kodarma,Rural,112330,25498,63677,3925,16172,6983,431,7,7,,,,
jharkhand,Giridih,Rural,365662,81326,203096,14578,55063,26177,1308,8,5,,,,
jharkhand,Deoghar,Rural,232050,56712,123653,7260,35195,16490,625,6,4,,,,
jharkhand,Godda,Rural,220872,63186,106224,9023,35640,15822,1013,9,7,,,,
jharkhand,Sahibganj,Rural,283242,108070,85694,4814,71260,18218,710,6,4,,,,
jharkhand,Pakur,Rural,230249,82037,71057,3227,58952,18203,530,5,3,,,,
jharkhand,Dhanbad,Rural,195649,37148,127826,12232,18180,12495,1084,10,9,,,,
jharkhand,Bokaro,Rural,164878,38617,98650,8837,17399,10212,1048,9,11,,,,
jharkhand,Lohardaga,Rural,89430,19519,40241,2728,19261,10409,595,7,6,,,,
jharkhand,Purbi Singhbhum,Rural,172853,38155,97639,9075,23718,13341,1054,10,8,,,,
jharkhand,Palamu,Rural,240120,61448,125867,13133,36086,16719,1247,11,8,,,,
jharkhand,Latehar,Rural,106381,27606,46062,3527,22637,10076,663,8,7,,,,
jharkhand,Hazaribagh,Rural,262399,57596,147146,11461,36544,21113,1507,8,8,,,,
jharkhand,Ramgarh,Rural,123125,28157,67722,5896,18174,9072,748,9,9,,,,
jharkhand,Dumka,Rural,216335,48946,104794,5765,39463,23132,1176,6,6,,,,
jharkhand,Jamtara,Rural,105316,21098,59951,2738,13806,10461,357,5,4,,,,
jharkhand,Ranchi,Rural,427047,79984,204571,18088,86937,55555,3599,9,7,,,,
jharkhand,Khunti,Rural,142586,30217,55416,2555,35862,21091,767,5,4,,,,
jharkhand,Gumla,Rural,264268,53292,110773,8308,60628,39575,2076,8,6,,,,
jharkhand,Simdega,Rural,145029,29841,67491,3328,24953,22744,941,5,5,,,,
jharkhand,Pashchimi Singhbhum,Rural,285484,71564,119791,6684,69224,24905,1367,6,6,,,,
jharkhand,Saraikela-Kharsawan,Rural,157011,31194,86801,6617,24745,14271,1051,8,8,,,,
karnataka ,Belgaum,Rural,1355508,246233,686481,38448,240675,182119,3434,6,2,,,,
karnataka ,Bagalkot,Rural,485414,98427,213914,10876,110092,62981,928,6,2,,,,
karnataka ,Bijapur,Rural,624337,139585,261785,16665,147229,75738,1425,7,2,,,,
karnataka ,Bidar,Rural,438243,91235,202275,12070,90834,53899,1054,6,2,,,,
karnataka ,Raichur,Rural,575016,152232,193737,8781,171770,57277,908,5,2,,,,
karnataka ,Koppal,Rural,434781,79879,192789,8214,98231,63882,1034,5,2,,,,
karnataka ,Gadag,Rural,294454,40621,146507,6946,56019,51307,726,5,2,,,,
karnataka ,Dharwad,Rural,352661,54815,177982,7863,61977,57887,784,5,2,,,,
karnataka ,Uttara Kannada,Rural,369561,39904,237280,12905,31438,60939,2558,6,5,,,,
karnataka ,Haveri,Rural,489934,70801,278215,11621,62797,78121,1194,5,2,,,,
karnataka ,Bellary,Rural,661799,142244,260402,11484,170532,88621,1275,5,2,,,,
karnataka ,Chitradurga,Rural,559913,89758,270219,14726,97404,102532,1563,6,2,,,,
karnataka ,Davanagere,Rural,513281,87109,267269,13785,79945,78958,1443,6,2,,,,
karnataka ,Shimoga,Rural,449897,63343,253661,14301,56003,76890,2341,6,4,,,,
karnataka ,Udupi,Rural,332992,22522,197600,12920,25217,87653,4530,7,6,,,,
karnataka ,Chikmagalur,Rural,398865,49416,213317,11997,55205,80927,2188,6,3,,,,
karnataka ,Tumkur,Rural,876619,133708,451293,22839,136670,154948,2797,6,2,,,,
karnataka ,Bangalore,Rural,362003,45691,223922,17641,34842,57548,3513,8,7,,,,
karnataka ,Mandya,Rural,609566,122530,309853,18195,95617,81566,2683,6,4,,,,
karnataka ,Hassan,Rural,628337,91872,321498,13679,94943,120024,2708,5,3,,,,
karnataka ,Dakshina Kannada,Rural,513363,28150,285005,15140,43430,156778,5322,6,4,,,,
karnataka ,Kodagu,Rural,228598,24286,116260,9531,32351,55701,3420,9,7,,,,
karnataka ,Mysore,Rural,667959,176180,307370,15996,112247,72162,1759,6,3,,,,
karnataka ,Chamarajanagar,Rural,323770,96882,130502,7441,65536,30850,772,6,3,,,,
karnataka ,Gulbarga,Rural,615917,161193,233510,11683,160562,60652,1089,6,2,,,,
karnataka ,Yadgir,Rural,369656,120007,106291,4935,113297,30061,478,5,2,,,,
karnataka ,Kolar,Rural,431292,72562,203472,12223,80435,74823,1874,7,3,,,,
karnataka ,Chikkaballapura,Rural,441471,81212,188729,10146,94043,77487,1551,6,3,,,,
karnataka ,Bangalore Rural,Rural,293677,39530,167995,10012,36381,49771,1593,6,4,,,,
karnataka ,Ramanagara,Rural,363802,76011,165645,9381,68362,53784,1440,6,3,,,,
kerala,Kasaragod,Rural,236603,10143,163883,9371,10449,52128,3134,6,7,,,,
kerala,Kannur,Rural,264432,5327,197887,13164,5238,55980,4897,7,9,,,,
kerala,Wayanad,Rural,253348,12505,171411,10571,13159,56273,4286,7,8,,,,
kerala,Kozhikode,Rural,233972,3087,194119,12660,2054,34712,4231,7,13,,,,
kerala,Malappuram,Rural,482526,14378,405414,18013,7205,55529,6102,5,11,,,,
kerala,Palakkad,Rural,673752,35002,461641,21935,46475,130634,9833,5,8,,,,
kerala,Thrissur,Rural,313037,7397,229186,13345,6627,69827,8293,6,12,,,,
kerala,Ernakulam,Rural,339684,4899,252041,20924,3519,79225,11250,9,15,,,,
kerala,Idukki,Rural,399602,14628,259854,16848,20962,104158,7464,7,8,,,,
kerala,Kottayam,Rural,434052,4605,328604,32285,2533,98310,15268,10,16,,,,
kerala,Alappuzha,Rural,264266,3968,187490,12263,3503,69305,7397,7,11,,,,
kerala,Pathanamthitta,Rural,260001,4508,194417,14600,2507,58569,9854,8,17,,,,
kerala,Kollam,Rural,374293,8498,261315,20165,8549,95931,10950,8,12,,,,
kerala,Thiruvananthapuram,Rural,402620,17986,289636,22140,11464,83534,12111,8,15,,,,
lakshadweep,Lakshadweep,Rural,2225,44,1834,100,7,340,20,6,6,,,,
maharashtra,Nandurbar,Rural,584986,140299,192905,8763,164035,87747,1194,5,2,,,,
maharashtra,Dhule,Rural,662880,119725,271305,13530,149623,122227,2008,5,2,,,,
maharashtra,Jalgaon,Rural,1260468,152710,614373,29015,219617,273768,4024,5,2,,,,
maharashtra,Buldana,Rural,945137,65564,486542,20255,130917,262114,2609,5,1,,,,
maharashtra,Akola,Rural,469517,29714,269840,10777,46641,123322,1740,4,2,,,,
maharashtra,Washim,Rural,440589,30513,228260,10363,62669,119147,1271,5,2,,,,
maharashtra,Amravati,Rural,754483,56474,443036,22041,74749,180224,3771,5,3,,,,
maharashtra,Wardha,Rural,399918,27015,226645,11291,40378,105880,1818,5,2,,,,
maharashtra,Nagpur,Rural,632303,54143,350955,16827,70546,156659,2961,5,2,,,,
maharashtra,Bhandara,Rural,348017,24592,188169,10878,39171,96085,2197,6,3,,,,
maharashtra,Gondiya,Rural,368016,22036,208919,9019,38240,98821,1782,5,2,,,,
maharashtra,Gadchiroli,Rural,358251,53951,159687,7004,69324,75289,1370,5,2,,,,
maharashtra,Chandrapur,Rural,581214,67476,286562,14307,92594,134582,2339,5,2,,,,
maharashtra,Yavatmal,Rural,1011555,86146,510704,16361,151497,263208,2434,4,1,,,,
maharashtra,Nanded,Rural,1061792,135768,508117,27219,204113,213794,2989,6,2,,,,
maharashtra,Hingoli,Rural,463701,44412,222587,8593,81017,115685,755,4,1,,,,
maharashtra,Parbhani,Rural,598296,79256,266688,12247,129966,122386,1169,5,1,,,,
maharashtra,Jalna,Rural,735489,98223,322767,15834,164102,150397,1828,5,2,,,,
maharashtra,Aurangabad,Rural,962485,108570,454629,27750,193373,205913,3070,7,2,,,,
maharashtra,Nashik,Rural,1688484,178619,782034,40508,278678,449153,6384,6,2,,,,
maharashtra,Thane,Rural,885319,142108,452834,26272,157640,132737,7695,6,6,,,,
maharashtra,Raigarh,Rural,539234,55203,326419,19489,60232,97380,4806,6,5,,,,
maharashtra,Pune,Rural,1676134,135687,909862,70266,213064,417521,15590,8,4,,,,
maharashtra,Ahmadnagar,Rural,1740158,166193,830089,64203,292145,451731,10888,8,3,,,,
maharashtra,Bid,Rural,1004515,112678,452972,36972,195775,243090,4092,9,2,,,,
maharashtra,Latur,Rural,794795,99415,395091,25200,129849,170440,3090,7,2,,,,
maharashtra,Osmanabad,Rural,623486,70445,309421,23284,99279,144341,2759,8,2,,,,
maharashtra,Solapur,Rural,1296526,167043,637924,42229,226306,265253,5508,7,3,,,,
maharashtra,Satara,Rural,1001038,77845,562625,47482,115678,244890,9638,9,4,,,,
maharashtra,Ratnagiri,Rural,476836,29240,252969,10898,62007,132620,3214,5,3,,,,
maharashtra,Sindhudurg,Rural,194803,11592,128332,8470,11361,43518,2334,7,6,,,,
maharashtra,Kolhapur,Rural,1101523,106408,614584,58894,146723,233808,9336,10,4,,,,
maharashtra,Sangli,Rural,845798,81509,489572,45538,100736,173981,7961,10,5,,,,
manipur,Senapati,Rural,183539,42661,57636,6927,51427,31815,2664,13,9,,,,
manipur,Tamenglong,Rural,50465,8794,18448,1161,12016,11207,418,7,4,,,,
manipur,Churachandpur,Rural,83381,7936,45210,3559,8400,21835,1196,8,6,,,,
manipur,Bishnupur,Rural,49223,6313,28299,4691,6085,8526,1201,17,15,,,,
manipur,Thoubal,Rural,86458,10908,46870,5807,13655,15025,1428,13,10,,,,
manipur,Imphal West,Rural,64943,4831,40055,6573,5562,14495,2668,17,19,,,,
manipur,Imphal East,Rural,89068,8322,54920,7258,7313,18513,2750,14,15,,,,
manipur,Ukhrul,Rural,59922,5675,27065,2856,8953,18229,1100,11,7,,,,
manipur,Chandel,Rural,48334,7761,22226,2187,8700,9647,945,10,10,,,,
meghalaya,West Garo Hills,Rural,168476,41129,67921,1687,30713,28713,480,3,2,,,,
meghalaya,East Garo Hills,Rural,73306,13224,34795,470,10800,14487,165,2,2,,,,
meghalaya,South Garo Hills,Rural,35355,6687,17460,372,4952,6256,45,3,1,,,,
meghalaya,West Khasi Hills,Rural,109152,16239,46452,1231,13277,33184,806,3,3,,,,
meghalaya,Ribhoi,Rural,81228,14731,35005,1021,10807,20685,662,3,4,,,,
meghalaya,East Khasi Hills,Rural,161105,27286,71274,3565,16080,46465,2924,6,7,,,,
meghalaya,Jaintia Hills,Rural,101324,33464,28546,1234,19188,20126,1304,5,7,,,,
mizoram,Mamit,Rural,30467,2841,16462,560,2726,8438,216,4,3,,,,
mizoram,Kolasib,Rural,14672,946,8753,254,809,4164,93,3,3,,,,
mizoram,Aizawl,Rural,40272,580,23696,878,458,15538,416,4,3,,,,
mizoram,Champhai,Rural,36363,508,20177,797,861,14817,285,4,2,,,,
mizoram,Serchhip,Rural,16472,114,9018,397,167,7173,177,5,3,,,,
mizoram,Lunglei,Rural,38512,3391,20911,635,3611,10599,233,4,3,,,,
mizoram,Lawngtlai,Rural,32703,7794,14132,613,7057,3720,148,5,4,,,,
mizoram,Saiha,Rural,8363,547,5018,254,627,2171,65,6,3,,,,
madhya pradesh,Sheopur,Rural,168556,57288,71966,3271,32854,6448,259,5,5,,,,
madhya pradesh,Morena,Rural,409796,84587,261641,13796,40779,22789,782,6,4,,,,
madhya pradesh,Bhind,Rural,324158,58551,239456,12645,13491,12660,755,6,6,,,,
madhya pradesh,Gwalior,Rural,204677,51052,120523,6056,22455,10647,512,6,5,,,,
madhya pradesh,Datia,Rural,194734,32408,121639,5490,25547,15140,402,5,3,,,,
madhya pradesh,Shivpuri,Rural,497723,123569,222983,7982,117323,33848,921,4,3,,,,
madhya pradesh,Tikamgarh,Rural,399125,111095,169072,6047,89696,29262,784,4,3,,,,
madhya pradesh,Chhatarpur,Rural,442531,126025,185413,7938,98711,32382,942,5,3,,,,
madhya pradesh,Panna,Rural,244674,64335,114932,6688,47131,18276,894,6,5,,,,
madhya pradesh,Sagar,Rural,543241,90680,314954,15206,82302,55305,1552,5,3,,,,
madhya pradesh,Damoh,Rural,312730,66585,161140,6903,55076,29929,874,5,3,,,,
madhya pradesh,Satna,Rural,476082,88276,252540,21812,84517,50749,2554,9,6,,,,
madhya pradesh,Rewa,Rural,521714,93358,269947,28913,99041,59368,3454,11,6,,,,
madhya pradesh,Umaria,Rural,111945,26208,52452,3711,22374,10911,517,8,5,,,,
madhya pradesh,Neemuch,Rural,271646,34870,121769,5805,73719,41288,762,5,2,,,,
madhya pradesh,Mandsaur,Rural,444685,53900,225230,9007,100175,65380,1054,4,2,,,,
madhya pradesh,Ratlam,Rural,339067,66639,146808,5336,83690,41930,684,4,2,,,,
madhya pradesh,Ujjain,Rural,437735,69760,219370,7312,94008,54597,659,4,2,,,,
madhya pradesh,Shajapur,Rural,422800,71176,221108,1710,82461,48055,155,1,1,,,,
madhya pradesh,Dewas,Rural,392695,76166,194537,6677,79280,42712,687,4,2,,,,
madhya pradesh,Dhar,Rural,649021,171631,220923,12386,195680,60787,2124,6,4,,,,
madhya pradesh,Indore,Rural,320165,49727,169985,9927,61806,38647,1658,6,5,,,,
madhya pradesh,Khargone (West Nimar),Rural,664490,144094,247866,10824,185828,86702,1972,5,3,,,,
madhya pradesh,Barwani,Rural,460784,166945,104208,5197,156624,33007,1124,5,4,,,,
madhya pradesh,Rajgarh,Rural,395068,101694,166892,9888,91501,34981,1088,6,4,,,,
madhya pradesh,Vidisha,Rural,301292,70138,178362,8401,33666,19126,827,5,5,,,,
madhya pradesh,Bhopal,Rural,129830,28077,68009,5026,21929,11815,743,8,7,,,,
madhya pradesh,Sehore,Rural,304354,59640,170535,9462,48495,25684,901,6,4,,,,
madhya pradesh,Raisen,Rural,284748,60054,168047,8996,34299,22348,953,6,5,,,,
madhya pradesh,Betul,Rural,422382,91605,180747,10200,85720,64310,2501,6,4,,,,
madhya pradesh,Harda,Rural,131627,25849,73690,4185,20769,11319,405,6,4,,,,
madhya pradesh,Hoshangabad,Rural,249826,50155,145497,11491,34115,20059,1326,8,7,,,,
madhya pradesh,Katni,Rural,238663,41392,130900,7372,40455,25916,1165,6,5,,,,
madhya pradesh,Jabalpur,Rural,297591,45263,166587,8165,47499,38242,959,5,3,,,,
madhya pradesh,Narsimhapur,Rural,296921,47295,169889,8918,43443,36294,986,6,3,,,,
madhya pradesh,Dindori,Rural,240777,43961,91416,4487,67128,38272,900,5,3,,,,
madhya pradesh,Mandla,Rural,285773,51826,114519,6868,75378,44050,1438,6,4,,,,
madhya pradesh,Chhindwara,Rural,524860,107435,239467,13851,103114,74844,2800,6,4,,,,
madhya pradesh,Seoni,Rural,348936,61089,170630,11280,64187,53030,2164,7,5,,,,
madhya pradesh,Balaghat,Rural,458123,51576,231174,13280,73528,101845,3228,6,4,,,,
madhya pradesh,Guna,Rural,269407,79229,125681,5363,48439,16058,448,5,3,,,,
madhya pradesh,Ashoknagar,Rural,196546,46619,115616,4308,24549,9762,351,4,4,,,,
madhya pradesh,Shahdol (43),Rural,185785,43177,81036,5918,40853,20719,865,8,5,,,,
madhya pradesh,Anuppur (44),Rural,173035,36208,72289,4347,42203,22335,646,7,3,,,,
madhya pradesh,Sidhi (45),Rural,248497,60738,113314,10865,51003,23442,1602,10,7,,,,
madhya pradesh,Singrauli (46),Rural,289821,81640,109582,6936,77100,21499,823,7,4,,,,
madhya pradesh,Jhabua (47),Rural,341710,122963,66306,3601,134303,18138,726,6,5,,,,
madhya pradesh,Alirajpur (48),Rural,247463,106808,31755,2328,99227,9673,598,8,7,,,,
madhya pradesh,Khandwa (East Nimar) (49),Rural,417077,83419,177010,5091,104830,51818,857,3,2,,,,
madhya pradesh,Burhanpur (50),Rural,194981,48922,73598,2596,51913,20548,372,4,2,,,,
nagaland,Mon,Rural,96763,27374,25338,455,28597,15454,101,2,1,,,,
nagaland,Mokokchung,Rural,62138,3219,31820,1554,3026,24073,959,5,4,,,,
nagaland,Zunheboto,Rural,42326,4199,18467,1100,5738,13922,557,6,5,,,,
nagaland,Wokha,Rural,53544,3964,24749,1374,6578,18253,481,6,3,,,,
nagaland,Dimapur,Rural,59651,7254,32405,3529,5874,14118,1836,11,14,,,,
nagaland,Phek,Rural,55454,6769,21967,1746,11161,15557,611,8,4,,,,
nagaland,Tuensang,Rural,64049,11507,23083,676,13323,16136,231,3,2,,,,
nagaland,Longleng,Rural,19054,3707,6422,225,4055,4870,110,4,3,,,,
nagaland,Kiphire,Rural,22272,4337,7360,258,5775,4800,83,4,2,,,,
nagaland,Kohima,Rural,61362,5841,29419,2658,9219,16883,1315,10,8,,,,
nagaland,Peren,Rural,32464,3953,14669,607,5368,8474,198,5,3,,,,
rajasthan,Ganganagar,Rural,516321,114271,274753,14963,75625,51672,1945,6,4,,,,
rajasthan,Hanumangarh,Rural,539409,112908,259259,14282,104313,62929,1857,6,3,,,,
rajasthan,Bikaner,Rural,526267,132525,225263,9083,123210,45269,596,5,2,,,,
rajasthan,Churu,Rural,482468,97532,217846,11093,109489,57601,1393,6,3,,,,
rajasthan,Jhunjhunun,Rural,468348,60352,276679,26699,70427,60890,4832,10,8,,,,
rajasthan,Alwar,Rural,982551,159950,509306,42341,208461,104834,4240,9,5,,,,
rajasthan,Bharatpur,Rural,569326,89170,331910,23434,101766,46480,1479,8,4,,,,
rajasthan,Dhaulpur,Rural,255735,52848,154586,6458,33178,15123,305,5,3,,,,
rajasthan,Karauli,Rural,381396,68788,191675,14109,89600,31333,878,8,3,,,,
rajasthan,Sawai Madhopur,Rural,352863,66745,164928,13156,94929,26261,734,8,3,,,,
rajasthan,Dausa,Rural,454738,75525,218095,21032,119544,41574,1142,10,3,,,,
rajasthan,Jaipur,Rural,1027597,164891,522447,55263,244302,95957,4355,11,5,,,,
rajasthan,Sikar,Rural,542999,81320,325332,30527,82876,53471,3425,10,7,,,,
rajasthan,Nagaur,Rural,826708,169317,385059,22801,201761,70571,1818,6,3,,,,
rajasthan,Jodhpur,Rural,689213,151117,333811,16169,155584,48701,1030,5,3,,,,
rajasthan,Jaisalmer,Rural,148802,39087,74360,3451,27446,7909,146,5,2,,,,
rajasthan,Barmer,Rural,690054,180961,298039,11009,163791,47263,1097,4,3,,,,
rajasthan,Jalor,Rural,617837,150648,241254,6984,181317,44618,498,3,2,,,,
rajasthan,Sirohi,Rural,253833,79501,107676,4624,56568,10088,336,5,4,,,,
rajasthan,Pali,Rural,472543,107995,220740,12867,108526,35282,1087,6,4,,,,
rajasthan,Ajmer,Rural,515587,99572,240920,9940,136150,38945,1132,5,3,,,,
rajasthan,Tonk,Rural,404106,81050,165698,10813,126915,30443,852,7,3,,,,
rajasthan,Bundi,Rural,297842,76019,130473,6701,72673,18677,680,6,4,,,,
rajasthan,Bhilwara,Rural,722043,158652,289862,12556,206033,67496,1816,5,3,,,,
rajasthan,Rajsamand,Rural,307202,62145,149425,5911,71221,24411,943,4,4,,,,
rajasthan,Dungarpur,Rural,192853,51275,100149,7112,26991,14438,1275,8,9,,,,
rajasthan,Banswara,Rural,504803,139755,191111,9071,136985,36952,1543,5,5,,,,
rajasthan,Chittaurgarh,Rural,566893,106885,228866,10072,174422,56720,1336,5,3,,,,
rajasthan,Kota,Rural,230870,37556,137146,7348,35595,20573,495,6,3,,,,
rajasthan,Baran,Rural,290513,54980,150061,7970,60160,25312,614,6,3,,,,
rajasthan,Jhalawar,Rural,410935,95385,187655,7607,96627,31268,645,5,3,,,,
rajasthan,Udaipur,Rural,628213,166666,295811,13352,125204,40532,2036,5,6,,,,
rajasthan,Pratapgarh,Rural,304356,74829,110725,3854,88209,30593,394,4,2,,,,
sikkim,North  District,Rural,15598,1984,9490,503,1577,2547,189,6,8,,,,
sikkim,West District,Rural,48963,6458,25020,1415,6739,10746,628,6,6,,,,
sikkim,South District,Rural,43653,5211,24832,1206,4367,9243,637,5,7,,,,
sikkim,East District,Rural,63273,6816,37062,2156,6195,13200,903,6,7,,,,
tamil nadu,Thiruvallur,Rural,440386,61989,243036,18036,65148,70213,3953,8,6,,,,
tamil nadu,Kancheepuram,Rural,490832,62989,278091,18018,63553,86199,5245,7,7,,,,
tamil nadu,Vellore,Rural,794368,98729,430504,20520,114858,150277,5568,5,4,,,,
tamil nadu,Tiruvannamalai,Rural,804203,108612,384371,14912,147708,163512,4203,4,3,,,,
tamil nadu,Viluppuram,Rural,1105355,177407,506911,25073,221147,199890,7047,5,4,,,,
tamil nadu,Salem,Rural,848976,163019,346300,18025,197209,142448,4731,6,4,,,,
tamil nadu,Namakkal,Rural,523067,73953,222834,16607,113629,112651,6440,8,6,,,,
tamil nadu,Erode,Rural,579706,101840,236721,14908,134318,106827,5457,7,6,,,,
tamil nadu,The Nilgiris,Rural,146819,10287,72342,4953,22472,41718,1426,7,4,,,,
tamil nadu,Dindigul,Rural,649253,84848,291726,11206,133761,138918,4123,4,3,,,,
tamil nadu,Karur,Rural,328134,44987,142949,7136,74670,65528,1965,5,3,,,,
tamil nadu,Tiruchirappalli,Rural,633125,66031,309360,18742,114432,143302,6262,7,5,,,,
tamil nadu,Perambalur,Rural,218318,28675,89391,4768,48029,52223,1824,6,4,,,,
tamil nadu,Ariyalur,Rural,247808,36804,117632,6272,48979,44393,1972,6,5,,,,
tamil nadu,Cuddalore,Rural,577264,79333,298058,18343,97851,102022,4504,7,5,,,,
tamil nadu,Nagapattinam,Rural,386281,34760,241720,13622,42091,67710,3467,6,6,,,,
tamil nadu,Thiruvarur,Rural,336576,31702,207676,13154,39067,58131,2990,7,6,,,,
tamil nadu,Thanjavur,Rural,564456,62123,326713,21117,76512,99108,5340,7,6,,,,
tamil nadu,Pudukkottai,Rural,539932,65784,270475,11761,94786,108887,3647,5,4,,,,
tamil nadu,Sivaganga,Rural,337501,36615,175479,8714,56782,68625,2767,5,5,,,,
tamil nadu,Madurai ,Rural,307673,61558,246115,14487,98659,104923,3809,6,4,,,,
tamil nadu,Theni,Rural,266784,35306,120348,6680,55270,55860,1607,6,3,,,,
tamil nadu,Virudhunagar,Rural,444109,47571,210462,9613,83600,102476,2809,5,3,,,,
tamil nadu,Ramanathapuram,Rural,362796,41696,190407,8675,57348,73345,2334,5,4,,,,
tamil nadu,Thoothukkudi,Rural,352268,29788,194661,8157,44473,83346,2682,5,4,,,,
tamil nadu,Tirunelveli,Rural,689292,62135,337226,15929,106187,183744,5396,5,3,,,,
tamil nadu,Kanniyakumari,Rural,101679,6292,76031,4683,2645,16711,1986,7,12,,,,
tamil nadu,Dharmapuri,Rural,558167,109737,223004,12002,131004,94422,3608,6,4,,,,
tamil nadu,Krishnagiri,Rural,594566,116074,262100,10500,119686,96706,3514,5,4,,,,
tamil nadu,Coimbatore,Rural,405172,59423,196993,11793,68666,80090,4832,6,7,,,,
tamil nadu,Tiruppur,Rural,500130,72808,228929,11332,98258,100135,3900,5,4,,,,
tripura,West Tripura,Rural,309205,28353,225430,9588,15536,39886,1513,5,4,,,,
tripura,South Tripura,Rural,220594,23168,156051,8092,14425,26950,864,6,4,,,,
tripura,Dhalai,Rural,94841,8291,69130,2341,5055,12365,401,4,4,,,,
tripura,North Tripura,Rural,152297,12452,114387,3983,7301,18157,609,4,4,,,,
uttar pradesh,Saharanpur,Rural,605679,154547,396454,29541,31361,23317,2736,8,12,,,,
uttar pradesh,Muzaffarnagar,Rural,777991,179793,501801,35374,56097,40300,3893,8,10,,,,
uttar pradesh,Bijnor,Rural,622746,154959,398240,36311,38132,31415,4653,10,15,,,,
uttar pradesh,Moradabad,Rural,715842,297555,340848,25277,53692,23747,2522,8,11,,,,
uttar pradesh,Rampur,Rural,406179,180229,180641,11350,30875,14434,1507,7,11,,,,
uttar pradesh,Jyotiba Phule Nagar,Rural,342119,95482,192968,17959,35420,18249,2016,10,12,,,,
uttar pradesh,Meerut,Rural,428813,83344,285073,25961,32239,28157,2576,10,10,,,,
uttar pradesh,Baghpat,Rural,264957,46552,183021,18141,19270,16114,1717,10,11,,,,
uttar pradesh,Ghaziabad,Rural,385278,62332,263902,22064,29417,29627,2546,9,9,,,,
uttar pradesh,Gautam Buddha Nagar,Rural,156613,19606,110577,8740,12835,13595,897,8,7,,,,
uttar pradesh,Bulandshahr,Rural,666748,116482,437191,35475,68877,44198,3601,9,9,,,,
uttar pradesh,Aligarh,Rural,576327,117936,374650,28980,50436,33305,2922,8,9,,,,
uttar pradesh,Mahamaya Nagar,Rural,263907,46100,186040,17677,17591,14176,1390,10,10,,,,
uttar pradesh,Mathura,Rural,413700,74173,271523,21842,41887,26117,2075,9,8,,,,
uttar pradesh,Agra,Rural,545560,103717,375253,28135,35946,30644,2555,8,9,,,,
uttar pradesh,Firozabad,Rural,362109,69823,253835,21408,20600,17851,1737,9,10,,,,
uttar pradesh,Mainpuri,Rural,363037,63263,264853,21338,15461,19460,1837,9,10,,,,
uttar pradesh,Budaun,Rural,728837,329590,331017,16895,50231,17999,1709,6,10,,,,
uttar pradesh,Bareilly,Rural,651896,241760,334980,20001,47208,27948,2460,6,9,,,,
uttar pradesh,Pilibhit,Rural,381233,126134,222616,12869,19606,12877,1255,6,10,,,,
uttar pradesh,Shahjahanpur,Rural,560332,208768,306292,18492,27426,17846,1972,7,12,,,,
uttar pradesh,Kheri,Rural,849900,298394,460418,27761,58590,32498,3058,7,10,,,,
uttar pradesh,Sitapur,Rural,900223,305439,488098,31053,68304,38382,3929,7,11,,,,
uttar pradesh,Hardoi,Rural,841702,249142,503358,33833,54357,34845,3422,7,10,,,,
uttar pradesh,Unnao,Rural,638841,174111,362436,25101,62796,39498,3362,7,9,,,,
uttar pradesh,Lucknow,Rural,336733,83895,196932,19736,31761,24145,3316,11,14,,,,
uttar pradesh,Rae Bareli,Rural,573885,130552,330074,31824,69265,43994,5325,10,13,,,,
uttar pradesh,Farrukhabad,Rural,370033,94442,237092,17994,21633,16866,1614,8,10,,,,
uttar pradesh,Kannauj,Rural,346591,69796,236552,21053,22127,18116,1891,9,11,,,,
uttar pradesh,Etawah,Rural,278695,43862,204562,19375,13736,16535,1606,10,10,,,,
uttar pradesh,Auraiya,Rural,271085,44136,199368,23189,12246,15335,1854,12,13,,,,
uttar pradesh,Kanpur Dehat,Rural,406229,71107,276977,29488,28367,29778,3208,11,11,,,,
uttar pradesh,Kanpur Nagar,Rural,413075,76500,275308,28693,30605,30662,3844,11,13,,,,
uttar pradesh,Jalaun,Rural,324913,55334,220161,23597,26753,22665,1409,11,7,,,,
uttar pradesh,Jhansi,Rural,345272,54022,206548,13947,49884,34818,1459,7,5,,,,
uttar pradesh,Lalitpur,Rural,312571,87839,153160,6277,54095,17477,798,5,5,,,,
uttar pradesh,Hamirpur,Rural,239388,50074,139876,12310,32824,16614,1213,9,8,,,,
uttar pradesh,Mahoba,Rural,195599,47537,99866,6638,32898,15298,762,7,5,,,,
uttar pradesh,Banda,Rural,414188,100763,224160,19571,65226,24039,1647,9,7,,,,
uttar pradesh,Chitrakoot,Rural,259462,64861,123688,12662,51369,19544,1198,11,7,,,,
uttar pradesh,Fatehpur,Rural,594793,133658,322221,29937,89605,49309,4222,10,9,,,,
uttar pradesh,Pratapgarh,Rural,516497,91373,298184,38851,75465,51475,5592,14,11,,,,
uttar pradesh,Kaushambi,Rural,385259,95674,173300,15284,85484,30801,2130,9,7,,,,
uttar pradesh,Allahabad,Rural,935148,172231,519177,72369,158116,85624,8014,14,10,,,,
uttar pradesh,Bara Banki,Rural,753963,225776,383311,28837,96108,48768,3941,8,9,,,,
uttar pradesh,Faizabad,Rural,417049,100959,234535,29935,50753,30802,4427,13,15,,,,
uttar pradesh,Ambedkar Nagar,Rural,380562,71822,225686,34809,45457,37597,6710,16,18,,,,
uttar pradesh,Sultanpur,Rural,645513,132306,377236,45918,82198,53773,6782,13,13,,,,
uttar pradesh,Bahraich,Rural,679852,293800,290883,19681,69980,25189,2538,7,11,,,,
uttar pradesh,Shrawasti,Rural,225829,97257,89126,5915,30945,8501,667,7,8,,,,
uttar pradesh,Balrampur,Rural,424869,168563,169165,10171,69879,17262,1339,7,8,,,,
uttar pradesh,Gonda,Rural,687634,222529,336240,27337,89829,39036,3673,9,10,,,,
uttar pradesh,Siddharthnagar,Rural,417811,123797,198885,15218,67982,27147,2054,8,8,,,,
uttar pradesh,Basti,Rural,415881,101485,234942,26808,49786,29668,3755,12,13,,,,
uttar pradesh,Sant Kabir Nagar,Rural,240109,55807,141298,13773,27560,15444,1783,10,12,,,,
uttar pradesh,Mahrajganj,Rural,411102,100491,217801,18286,64737,28073,2476,9,9,,,,
uttar pradesh,Gorakhpur,Rural,557522,109872,345859,38316,60822,40969,4834,12,12,,,,
uttar pradesh,Kushinagar,Rural,491425,113111,281839,26637,60979,35496,3487,10,10,,,,
uttar pradesh,Deoria,Rural,392516,71520,247657,31370,42968,30371,4655,13,16,,,,
uttar pradesh,Azamgarh,Rural,697713,137329,405063,52178,91382,63939,8819,13,14,,,,
uttar pradesh,Mau,Rural,268888,48135,159167,24169,32918,28668,4784,16,17,,,,
uttar pradesh,Ballia,Rural,507875,92412,300315,43333,62126,53022,6270,15,12,,,,
uttar pradesh,Jaunpur,Rural,820774,135608,463237,65081,135533,86396,9720,15,12,,,,
uttar pradesh,Ghazipur,Rural,704521,123335,404963,56205,104163,72060,7959,14,12,,,,
uttar pradesh,Chandauli,Rural,295192,51062,181178,26225,36224,26728,3272,15,13,,,,
uttar pradesh,Varanasi ,Rural,480790,78271,301126,43484,57676,43717,6089,15,14,,,,
uttar pradesh,Sant Ravidas Nagar (Bhadohi),Rural,234889,44381,148426,19545,26489,15593,1567,14,11,,,,
uttar pradesh,Mirzapur,Rural,457223,100665,252787,31750,66810,36961,4214,13,12,,,,
uttar pradesh,Sonbhadra,Rural,321407,82416,143597,12969,70462,24932,2061,10,9,,,,
uttar pradesh,Etah,Rural,355311,75385,234301,19429,25487,20138,1710,9,9,,,,
uttar pradesh,Kanshiram Nagar ,Rural,287146,90909,166000,10163,20881,9356,829,7,9,,,,
uttarakhand,Uttarkashi,Rural,121181,10415,55528,7077,31374,23864,2371,13,10,,,,
uttarakhand,Chamoli,Rural,94605,4469,44471,6546,17385,28280,2653,15,10,,,,
uttarakhand,Rudraprayag,Rural,75189,2412,32183,4974,15489,25105,2134,16,9,,,,
uttarakhand,Tehri Garhwal,Rural,145027,10592,70189,9147,32061,32185,2887,14,9,,,,
uttarakhand,Dehradun,Rural,205301,29540,131870,22294,18632,25259,6168,17,25,,,,
uttarakhand,Garhwal ,Rural,134612,7027,69725,11898,22624,35236,3546,18,11,,,,
uttarakhand,Pithoragarh,Rural,129309,5384,61859,6488,21910,40156,2617,11,7,,,,
uttarakhand,Bageshwar,Rural,75779,3286,33592,3348,15201,23700,1223,10,6,,,,
uttarakhand,Almora,Rural,181173,7728,77631,8896,39004,56810,3237,12,6,,,,
uttarakhand,Champawat,Rural,52347,2902,31416,3589,8208,9821,941,12,10,,,,
uttarakhand,Nainital,Rural,191835,13528,114097,16585,21198,43012,5096,15,12,,,,
uttarakhand,Udham Singh Nagar,Rural,292016,60333,174243,17580,30353,27087,3519,11,13,,,,
uttarakhand,Hardwar,Rural,298558,74739,191485,14314,17741,14593,2048,8,15,,,,
west bengal,Darjiling,Rural,310434,51924,168804,10480,42230,47476,4064,7,9,,,,
west bengal,Jalpaiguri,Rural,812346,185629,448595,17235,111009,67113,3883,4,6,,,,
west bengal,Koch Bihar,Rural,793097,183575,487968,16505,62581,58973,2237,4,4,,,,
west bengal,Uttar Dinajpur,Rural,717946,280459,318402,11894,81337,37748,1840,4,5,,,,
west bengal,Dakshin Dinajpur,Rural,449341,114703,250586,9956,46083,37969,1541,4,5,,,,
west bengal,Maldah,Rural,886107,323375,397996,20518,98334,66402,2979,6,5,,,,
west bengal,Murshidabad,Rural,1534640,542319,783937,38549,110500,97884,5043,5,6,,,,
west bengal,Birbhum,Rural,772363,196973,472430,33397,55238,47722,3323,8,7,,,,
west bengal,Barddhaman,Rural,1336719,269543,852749,71077,114671,99756,7164,9,8,,,,
west bengal,Nadia,Rural,1105772,328095,675503,39573,44091,58083,4840,6,9,,,,
west bengal,North Twenty Four Parganas,Rural,1226298,236692,855070,48606,50884,83652,5894,6,8,,,,
west bengal,Hugli,Rural,1028999,147618,732021,58891,70700,78660,6995,9,9,,,,
west bengal,Bankura,Rural,824955,165483,521635,41299,86088,51749,4474,8,9,,,,
west bengal,Puruliya,Rural,518434,112481,299790,20703,68414,37749,2424,7,7,,,,
west bengal,Haora,Rural,505344,74760,372178,21395,16082,42324,3469,6,9,,,,
west bengal,South Twenty Four Parganas,Rural,1394010,242764,984727,58461,57444,109075,9214,6,9,,,,
west bengal,Paschim Medinipur,Rural,1303465,179541,898618,53403,98209,127097,7154,6,6,,,,
west bengal,Purba Medinipur,Rural,972010,70745,793840,51958,21881,85544,7872,7,10,,,,
